click_id,speed_probability,speed_flagged,latency_ms,click_time,batch_probability,batch_flagged,true_label
142e432c5033a9e7edf0f5075e655b0b,0.139992,0,1031.864,2017-11-06 16:07:39+00:00,0.5794829726219177,0,1
f91f12be884bce9bfbd97bf44c29f3ea,0.5844889999999999,0,1031.496,2017-11-06 16:07:39+00:00,0.8185200095176697,1,1
1205a9abe9ddb24bca6c41570c060731,0.577993,0,1034.643,2017-11-06 16:07:40+00:00,0.859673023223877,1,1
d4bd8737cdd71d82cffaa299a999a62d,0.817336,0,1037.918,2017-11-06 16:07:40+00:00,0.6890299916267395,0,1
f4945e6acc3af1edaae41eb211200e77,0.578432,0,1040.297,2017-11-06 16:07:40+00:00,0.8746640086174011,1,1
f3116428a0af3f12862a7a2eb33650ef,0.7591979999999999,0,1042.423,2017-11-06 16:07:40+00:00,0.6122949719429016,0,1
2a1537861afdfd1af85439b9725762a3,0.761146,0,1044.389,2017-11-06 16:07:40+00:00,0.599632978439331,0,1
929fed4a0eebda7eef583fd84fba3f3c,0.766154,0,1046.225,2017-11-06 16:07:41+00:00,0.6863210201263428,0,1
0e5d8593c8d0244b7527b2dee70d843d,0.702571,0,1048.043,2017-11-06 16:07:43+00:00,0.4819749891757965,0,1
6940c598489c7d90552c6e2077b8e389,0.581539,0,1050.18,2017-11-06 16:07:43+00:00,0.961234986782074,1,1
eb157117bb550c2bccbb2f09deacfe68,0.774053,0,1052.462,2017-11-06 16:07:43+00:00,0.8058279752731323,1,1
820b35ac852b3150957e879d36082cc6,0.8315119999999999,0,1054.816,2017-11-06 16:07:43+00:00,0.7545350193977356,1,1
72a5ec1f2092f9836a1afe26a9813064,0.8611909999999999,1,1057.322,2017-11-06 16:07:45+00:00,0.7288050055503845,0,1
0cf8c65057c78f0c9cef2914321f4b0a,0.8966900000000001,1,1059.759,2017-11-06 16:07:47+00:00,0.8503940105438232,1,1
fe3b4a278227cdb2f4090b5ed27343db,0.904624,1,1061.552,2017-11-06 16:07:47+00:00,0.8036890029907227,1,1
02a08aadef2cb715156d9197ec8c4462,0.888913,1,1063.456,2017-11-06 16:07:48+00:00,0.8809499740600586,1,1
7f8002f18293dd39c4b98219ad3c82a8,0.795217,0,1065.255,2017-11-06 16:07:48+00:00,0.9818490147590636,1,1
4d5726f05f88dbc0fb41fcada47cd34e,0.900929,1,1067.673,2017-11-06 16:07:48+00:00,0.8698220252990723,1,1
95752d764b4688017825bfd6cf7dc617,0.900929,1,1069.503,2017-11-06 16:07:49+00:00,0.8016589879989624,1,1
f206be4ca909f4554172f878707ce91f,0.90305,1,1071.344,2017-11-06 16:07:49+00:00,0.94861102104187,1,1
14dcdca183ebcfeae8f64b08edfa9365,0.848958,0,1073.062,2017-11-06 16:07:49+00:00,0.987962007522583,1,1
e0c6899357b45d61a10f683ee57c583e,0.897852,1,1074.793,2017-11-06 16:07:49+00:00,0.928505003452301,1,1
03d84d2fc0134d9619eb3132a93ab4d2,0.907978,1,1076.587,2017-11-06 16:07:50+00:00,0.8937699794769287,1,1
12eafd781800b801bfc8e4b9b94e9831,0.868555,1,1078.336,2017-11-06 16:07:51+00:00,0.9853050112724304,1,1
78a1a945d7cbe25410b7472a9b74c65b,0.874204,1,1080.625,2017-11-06 16:07:51+00:00,0.90249502658844,1,1
9e8b9e382b0e3bfb4f4e847eae65c6c3,0.8738809999999999,1,1084.556,2017-11-06 16:07:51+00:00,0.7341790199279785,0,1
06870016d04ea26aa24885ea2936df72,0.8709,1,1086.333,2017-11-06 16:07:51+00:00,0.7979519963264465,1,1
98fff871eb5dc22e5098b46c8e2853db,0.8512689999999999,0,1088.422,2017-11-06 16:07:51+00:00,0.8009390234947205,1,1
d802271a4dc0cc0d86bf68c887f5951c,0.862973,1,1090.242,2017-11-06 16:07:52+00:00,0.8221179842948914,1,1
5162c997d46deb292865cf3f31e2df1f,0.842355,0,1092.039,2017-11-06 16:07:55+00:00,0.804777979850769,1,1
b967cd78c85f31ea549b4be0ac1b143d,0.876231,1,1093.819,2017-11-06 16:07:55+00:00,0.8536120057106018,1,1
9846148ddb4dab9bed68ffddba7db6ae,0.8697189999999999,1,1095.562,2017-11-06 16:07:56+00:00,0.9459459781646729,1,1
ace141a4ffb5503a6f5ec570e0d8dbff,0.920534,1,1097.357,2017-11-06 16:07:56+00:00,0.933463990688324,1,1
f33c366344ef7489bcf535f1e55c9f52,0.921341,1,1099.187,2017-11-06 16:07:56+00:00,0.7316089868545532,0,1
aa462699732cf2302117826ceaf605a4,0.921341,1,1101.055,2017-11-06 16:07:56+00:00,0.9302520155906676,1,1
7ab975d55e3f18e8807b2544aec787ec,0.921341,1,1102.88,2017-11-06 16:07:57+00:00,0.9238680005073548,1,1
2f8d19383aaac03cf04a63542d0f0d56,0.928377,1,1104.713,2017-11-06 16:07:58+00:00,0.95831698179245,1,1
b878b4f5b6ef1061376bd40c3b490c11,0.93576,1,1106.608,2017-11-06 16:07:59+00:00,0.956633985042572,1,1
e7567dd9db582b420102ffc0abf168c3,0.93576,1,1108.517,2017-11-06 16:08:00+00:00,0.9589830040931702,1,1
7f0df13c8109ff212d7b3e658e991942,0.93576,1,1110.377,2017-11-06 16:08:01+00:00,0.956633985042572,1,1
3db9443bacdfe80bad7ce1613286bd37,0.935578,1,1112.174,2017-11-06 16:08:01+00:00,0.9589830040931702,1,1
77589f4dec04e30e3e043f1f13f64c86,0.935568,1,1113.964,2017-11-06 16:08:01+00:00,0.9149349927902222,1,1
7788d3b890237c3d3d57a7d73b6a85db,0.935578,1,1115.899,2017-11-06 16:08:02+00:00,0.9583460092544556,1,1
a6d333c53ac7fa1995b01230c237a7dc,0.935578,1,1118.137,2017-11-06 16:08:02+00:00,0.9610959887504578,1,1
8e58c19ab18f728fed0fb41f5029ea26,0.935578,1,1120.251,2017-11-06 16:08:03+00:00,0.959086000919342,1,1
a23bf87460b50ac3d89e70105153740e,0.935578,1,1122.171,2017-11-06 16:08:03+00:00,0.957403004169464,1,1
796a9e94e52e5fc0dc8cdaccc847b4a1,0.933214,1,1124.076,2017-11-06 16:08:05+00:00,0.9380000233650208,1,1
37c4f850796cb1fa1ce93a61a7dda35e,0.931708,1,1125.886,2017-11-06 16:08:05+00:00,0.804161012172699,1,1
e7886838e1ebddb27bbd81bec773cb39,0.931708,1,1127.765,2017-11-06 16:08:06+00:00,0.8025090098381042,1,1
7a07c51f5b1709de61e305adc91fe54c,0.931708,1,1129.609,2017-11-06 16:08:06+00:00,0.8025090098381042,1,1
9f884d10d70f503ef0a16104bb4661ce,0.931188,1,1131.736,2017-11-06 16:08:07+00:00,0.9231770038604736,1,1
b8d6805ca42723ae212272366a4e8f05,0.931188,1,1133.615,2017-11-06 16:08:07+00:00,0.8306159973144531,1,1
7e60d2e7a8741c712b9bb9cf92da7cfc,0.925023,1,1135.716,2017-11-06 16:08:08+00:00,0.9294779896736144,1,1
65788ff5386a2593f54997cb5801be1a,0.895879,1,1137.661,2017-11-06 16:08:09+00:00,0.7689319849014282,1,1
1b11f04ef5aadf8bba586c85ac544898,0.89763,1,1139.595,2017-11-06 16:08:10+00:00,0.8800380229949951,1,1
6be787d138482390f9e061ad2f29ca61,0.897612,1,1141.661,2017-11-06 16:08:10+00:00,0.9103919863700868,1,1
02160e87e4721e7a963a3a67b053a162,0.897612,1,1143.535,2017-11-06 16:08:14+00:00,0.8658689856529236,1,1
c63e0e37ed87f3b70e19006d732b80c0,0.897612,1,1145.464,2017-11-06 16:08:16+00:00,0.8967339992523193,1,1
2c060cb03d210aadd7c9dcee832269c4,0.897612,1,1147.372,2017-11-06 16:08:16+00:00,0.8983039855957031,1,1
3039e45e5a566a4d466aa167fcf07418,0.897612,1,1149.625,2017-11-06 16:08:16+00:00,0.8911030292510986,1,1
21e43766c91685b1de82e4dd808bc277,0.897612,1,1151.569,2017-11-06 16:08:16+00:00,0.8324679732322693,1,1
7544b30ce27c7d4b16e0eff852fcce9b,0.905607,1,1153.74,2017-11-06 16:08:18+00:00,0.882964015007019,1,1
fb07ac0fd38bbde29ee25cbbd4e74dbc,0.916733,1,1156.533,2017-11-06 16:08:18+00:00,0.9241380095481871,1,1
65aa2036388c4fc4ac1884c58eb148e8,0.916733,1,1158.435,2017-11-06 16:08:18+00:00,0.929045021533966,1,1
1d1cb10c41e7bcf9b324a41e65f57b7b,0.934646,1,1160.538,2017-11-06 16:08:19+00:00,0.9218209981918336,1,1
a63de106324dfe9ec068c69af27211c6,0.934646,1,1162.643,2017-11-06 16:08:19+00:00,0.9527660012245178,1,1
869b333f84a042f4e3b0f399944c2721,0.941279,1,1164.423,2017-11-06 16:08:19+00:00,0.9580950140953064,1,1
9da14c472805643726c4fa9a44d9c1e1,0.943141,1,1166.184,2017-11-06 16:08:22+00:00,0.952996015548706,1,1
6f6939a0e295996213933ac27bc53e29,0.954644,1,1170.182,2017-11-06 16:08:22+00:00,0.9618890285491944,1,1
f311e046a799c5d29d4c9a11b80e4403,0.961074,1,1172.069,2017-11-06 16:08:22+00:00,0.963791012763977,1,1
5a0f24dde54e1e72c47727a8d5fdda68,0.963027,1,1173.98,2017-11-06 16:08:22+00:00,0.9678099751472472,1,1
3ecf791201bfb4e12e0e69a9895513c7,0.961655,1,1175.863,2017-11-06 16:08:22+00:00,0.9563239812850952,1,1
8393a1aefcfb995d843147d2b138864f,0.961655,1,1177.781,2017-11-06 16:08:22+00:00,0.9510279893875122,1,1
e60e187ae0ad0f5ba22e3cfe7dff1005,0.961655,1,1179.738,2017-11-06 16:08:22+00:00,0.95803302526474,1,1
36bcc356202511ac13bc7404525e76a4,0.961655,1,1181.6,2017-11-06 16:08:22+00:00,0.9608410000801086,1,1
1a4990f35f4a65cd96259e143b7692eb,0.961655,1,1183.81,2017-11-06 16:08:23+00:00,0.9608410000801086,1,1
eedc62a1284253e240758fd7cd729a96,0.961655,1,1185.873,2017-11-06 16:08:23+00:00,0.9455119967460632,1,1
e3bd5d92fef88b0c50ae33dc06363310,0.961655,1,1189.671,2017-11-06 16:08:25+00:00,0.9586740136146544,1,1
e296e612bf7cf64b2fe697a6b096cd55,0.961655,1,1191.67,2017-11-06 16:08:25+00:00,0.9531649947166444,1,1
c2d83405c141c0a9e396ecfcdaa7dc57,0.961655,1,1193.615,2017-11-06 16:08:25+00:00,0.9586740136146544,1,1
a766bb1fc000cbe86abe7d8b8582abc7,0.961655,1,1195.546,2017-11-06 16:08:26+00:00,0.954384982585907,1,1
8601d326f1dc08129c25545f7d24dbc2,0.961655,1,1197.483,2017-11-06 16:08:29+00:00,0.9533699750900269,1,1
6a512cdae17acc2985d2e9cba3084328,0.961655,1,1199.349,2017-11-06 16:08:29+00:00,0.9608410000801086,1,1
5abfc235e4ba0d5e2f7f9efb5796c4f6,0.961655,1,1201.302,2017-11-06 16:08:29+00:00,0.9585149884223938,1,1
aef29d5283d723ea2f2ff63aebe533b8,0.961655,1,1203.229,2017-11-06 16:08:30+00:00,0.9404749870300292,1,1
2b1d1137f6b108a1f84218f90fe9dc7b,0.961655,1,1205.124,2017-11-06 16:08:32+00:00,0.9389640092849731,1,1
90ab6bee32ddd77d714d723ffa5bfccd,0.961655,1,1207.01,2017-11-06 16:08:33+00:00,0.933115005493164,1,1
cc8f4552aef2f34c39e11f6b5b913a14,0.961655,1,1208.935,2017-11-06 16:08:34+00:00,0.9050530195236206,1,1
e58a00bd2773fe8e6319ad779e20b8b2,0.961655,1,1210.81,2017-11-06 16:08:35+00:00,0.939369022846222,1,1
3ef61dc5d0f124eb10d3c6744023a8b6,0.961655,1,1212.665,2017-11-06 16:08:35+00:00,0.9528629779815674,1,1
1820553e7ec866bb13d81cc6b53a720c,0.961655,1,1214.506,2017-11-06 16:08:35+00:00,0.9285119771957396,1,1
7ccbe8625701be43ebd3d81e2633b834,0.961655,1,1216.295,2017-11-06 16:08:35+00:00,0.939872980117798,1,1
0bb42e28a6d2d6558f64c5f5194e7f70,0.961655,1,1218.145,2017-11-06 16:08:36+00:00,0.9325379729270936,1,1
a48151a0fa7baf4bb9a4eafe29280338,0.961655,1,1219.957,2017-11-06 16:08:36+00:00,0.9171850085258484,1,1
e7f69ab607a6c7e67156a311a2ecc789,0.961655,1,1221.764,2017-11-06 16:08:36+00:00,0.9315119981765748,1,1
80114a7ff07353bb07a2beb809d99ffe,0.961655,1,1223.649,2017-11-06 16:08:39+00:00,0.942421019077301,1,1
9f78342214557cf0abdf7453d2a66361,0.961655,1,1225.477,2017-11-06 16:08:39+00:00,0.9526609778404236,1,1
b07000a858c24780710056879c3f384c,0.964342,1,1227.226,2017-11-06 16:08:39+00:00,0.9561139941215516,1,1
fed66eb0922da6b9c2d7ac5e58fe02da,0.964342,1,1228.968,2017-11-06 16:08:40+00:00,0.9405720233917236,1,1
441ab55b36e9b11bfb7013ba7cdc9388,0.967788,1,1230.729,2017-11-06 16:08:41+00:00,0.9534029960632324,1,1
25b6a87c9992d06e718113e867d84019,0.967788,1,1232.562,2017-11-06 16:08:41+00:00,0.9418820142745972,1,1
dd20cd64d6d39b8c1f8c183040e1ed5c,0.967788,1,1234.614,2017-11-06 16:08:41+00:00,0.94029301404953,1,1
977dd7215eac06e2c88c2c9a5ec0d12f,0.967788,1,1236.546,2017-11-06 16:08:41+00:00,0.9476420283317566,1,1
b98ba6fdb3c6a21611a4302b2d532c07,0.967788,1,1238.548,2017-11-06 16:08:42+00:00,0.9583029747009276,1,1
953b097804623f20d0011bb9b235ef32,0.967788,1,1240.501,2017-11-06 16:08:43+00:00,0.945851981639862,1,1
d47cb73df8ff633905f8cdec2c5179a5,0.967788,1,1242.482,2017-11-06 16:08:43+00:00,0.945851981639862,1,1
a20b0d0b07fd4cc3c4c508661ba556e0,0.967788,1,1244.47,2017-11-06 16:08:43+00:00,0.9474949836730956,1,1
0acce0146a3fc9032411eee040b2602a,0.967788,1,1246.475,2017-11-06 16:08:44+00:00,0.9493610262870787,1,1
7d0511704ee7ac92c8afbb92a27a7e58,0.967788,1,1248.393,2017-11-06 16:08:46+00:00,0.9449710249900818,1,1
c65102a420f430ecb871b42bd0547272,0.967788,1,1250.244,2017-11-06 16:08:46+00:00,0.9422379732131958,1,1
ec1e0658d517dfac4253e027b13ec165,0.969144,1,1252.127,2017-11-06 16:08:48+00:00,0.9117109775543212,1,1
699cb6cbff91b84270e08676d7f8c748,0.970489,1,1254.017,2017-11-06 16:08:49+00:00,0.9690750241279602,1,1
b6bb508828c71a0d2d771d7672205040,0.970489,1,1256.072,2017-11-06 16:08:54+00:00,0.9524449706077576,1,1
168cda6df90deb79fbcaaf3893bec292,0.971439,1,1257.96,2017-11-06 16:08:56+00:00,0.95968097448349,1,1
a5b9796fc7928ad469b3e23e1a50f0d8,0.971439,1,1259.821,2017-11-06 16:08:56+00:00,0.9665349721908568,1,1
94c2fc446687bc69178e9aa35a01d35f,0.971439,1,1261.682,2017-11-06 16:08:56+00:00,0.9613360166549684,1,1
10e8f4a5379d6c9c603e580ccc37071b,0.971439,1,1263.675,2017-11-06 16:08:56+00:00,0.959442973136902,1,1
bcfd233e20cee907fa50aa7b75ea374a,0.971439,1,1265.5,2017-11-06 16:08:57+00:00,0.9665349721908568,1,1
eab1400c4fe83799b8f08f6d43477625,0.971439,1,1267.493,2017-11-06 16:08:57+00:00,0.9785770177841188,1,1
3fa036ba79779ff5e3ef09aaa4d66d3e,0.971439,1,1269.388,2017-11-06 16:08:57+00:00,0.9665349721908568,1,1
a336f54bc8e2959e9b1952083ea168d9,0.971439,1,1271.248,2017-11-06 16:08:58+00:00,0.9785770177841188,1,1
e36dae1414f459e1c845590a497c3f5f,0.971439,1,1273.051,2017-11-06 16:08:58+00:00,0.9665349721908568,1,1
765b3878ebf8bd199dcdb605e75f68f3,0.974268,1,1274.887,2017-11-06 16:08:58+00:00,0.97153502702713,1,1
909dbd5613a4584e88cf775a348c5cab,0.974268,1,1276.823,2017-11-06 16:08:59+00:00,0.9669139981269836,1,1
dd8622f4d83587777f27bd2b8d7e4ae0,0.975405,1,1278.772,2017-11-06 16:09:02+00:00,0.980027973651886,1,1
800954d69fa8a325f297a166be290ae8,0.975405,1,1281.076,2017-11-06 16:09:03+00:00,0.9883530139923096,1,1
57c4798e25f4cab2c3e9627a81633a0d,0.97929,1,1283.064,2017-11-06 16:09:04+00:00,0.9803280234336852,1,1
ad082c9e64813a9ac6672b27da47946b,0.97929,1,1285.037,2017-11-06 16:09:05+00:00,0.982899010181427,1,1
f5a3783bbed92d9eb3de1b1ab84bdfa3,0.97929,1,1286.871,2017-11-06 16:09:06+00:00,0.982899010181427,1,1
2e521dca813d03032170886ae2f61ee4,0.97929,1,1288.737,2017-11-06 16:09:06+00:00,0.9898689985275269,1,1
314cf9086a954f3a9682aecaacb238cc,0.979599,1,1290.603,2017-11-06 16:09:07+00:00,0.984275996685028,1,1
158cbfe893d576476b62cc2be8f74f72,0.979599,1,1292.676,2017-11-06 16:09:07+00:00,0.985509991645813,1,1
0e6154ebc4f51746a7ea1c8f9910b7ef,0.97577,1,1294.598,2017-11-06 16:09:08+00:00,0.9901400208473206,1,1
8cd802f9702fe6c9ccba28ebe8af6da0,0.979085,1,1296.341,2017-11-06 16:09:09+00:00,0.9833530187606812,1,1
93bc8e5085bed4fce08f5d5d1006f160,0.979085,1,1298.21,2017-11-06 16:09:12+00:00,0.9815800189971924,1,1
2f4357f3cad08817e3095c2b7aedefda,0.980533,1,1299.983,2017-11-06 16:09:12+00:00,0.985509991645813,1,1
de4f3afb91393add6b6a528a21a09fa9,0.980533,1,1301.793,2017-11-06 16:09:16+00:00,0.9915509819984436,1,1
db79495e539580b0c55ebce4f0ef561d,0.980533,1,1303.562,2017-11-06 16:09:18+00:00,0.9866830110549928,1,1
be182335057e028835a6da90d2431953,0.979085,1,1305.369,2017-11-06 16:09:18+00:00,0.9833530187606812,1,1
8a71878e8dc72155c6b911e5123962e0,0.980533,1,1307.382,2017-11-06 16:09:19+00:00,0.9498680233955384,1,1
5933bb30658346cd466054b7304edebc,0.980533,1,1309.237,2017-11-06 16:09:22+00:00,0.9838169813156128,1,1
8919ed37e94747a0e938e568a039d76e,0.980533,1,1311.075,2017-11-06 16:09:22+00:00,0.9866830110549928,1,1
3fc3dbcd725b576e01700441203bf68f,0.980533,1,1312.931,2017-11-06 16:09:23+00:00,0.9705470204353333,1,1
597b78e8adbbda63d1302a7b98fa3754,0.979872,1,1314.843,2017-11-06 16:09:25+00:00,0.9327189922332764,1,1
b22f67a13f33b967ba0e894e28e64c4f,0.980533,1,1316.682,2017-11-06 16:09:25+00:00,0.8655719757080078,1,1
9c3a305d2617d68b1c8ce4e03904f52c,0.980604,1,1318.648,2017-11-06 16:09:25+00:00,0.9691399931907654,1,1
938e0d8faf99eb2de41e677cb6353880,0.978863,1,1320.496,2017-11-06 16:09:27+00:00,0.8240330219268799,1,1
6c8cbaa3346d4643696e2ddb4c0ee0fa,0.980604,1,1322.326,2017-11-06 16:09:28+00:00,0.9640960097312928,1,1
d603d5d5632939350ee4735b7f5010d4,0.980604,1,1324.144,2017-11-06 16:09:30+00:00,0.9104639887809752,1,1
3266eb1ec50734e76013654699d649bf,0.978863,1,1326.087,2017-11-06 16:09:31+00:00,0.8121790289878845,1,1
a062fbb8711a6be42fa40c46a5fef40f,0.978863,1,1327.897,2017-11-06 16:09:32+00:00,0.948476016521454,1,1
29560c86a8d9abfc09fd36103c1c43dd,0.981756,1,1329.905,2017-11-06 16:09:35+00:00,0.9108409881591796,1,1
ce822a1b8e1c56d6a927eb247882c9de,0.981756,1,1331.794,2017-11-06 16:09:35+00:00,0.9412969946861268,1,1
aff02d775deb74f041c66f8975cf315a,0.981756,1,1333.891,2017-11-06 16:09:35+00:00,0.931513011455536,1,1
ed70c4240b1a28b9a1ddf30b50ff4ff4,0.981331,1,1335.902,2017-11-06 16:09:36+00:00,0.929967999458313,1,1
2ee3aa30b7831bc3610715f9ac0b40c8,0.981331,1,1337.868,2017-11-06 16:09:39+00:00,0.9242299795150756,1,1
7d57e58828a36998c5bf5ab108d69510,0.981331,1,1339.808,2017-11-06 16:09:41+00:00,0.9114220142364502,1,1
7cc4b430a3abae066e05c8eba04b6f71,0.981331,1,1341.73,2017-11-06 16:09:41+00:00,0.9242299795150756,1,1
3fd3fd091a12dcd34d5dbcebee0a0a59,0.981331,1,1343.658,2017-11-06 16:09:42+00:00,0.8664399981498718,1,1
cc78023a2d9f8c94237fcd6a646270fd,0.981331,1,1345.743,2017-11-06 16:09:43+00:00,0.8887799978256226,1,1
732bedcb1103473c78599a4987c5107c,0.981331,1,1347.847,2017-11-06 16:09:44+00:00,0.7491819858551025,1,1
65669d0dc4752f50800238c420db7410,0.98211,1,1349.916,2017-11-06 16:09:44+00:00,0.8130040168762207,1,1
6981e8770e2423217e07baf50bd3849b,0.984071,1,1352.01,2017-11-06 16:09:44+00:00,0.9023209810256958,1,1
d0cb44ad3f6698ba738dc8cbaee7988b,0.984071,1,1353.936,2017-11-06 16:09:46+00:00,0.9023209810256958,1,1
41c941296391b72f32d5565957ba8aa8,0.984071,1,1355.962,2017-11-06 16:09:49+00:00,0.8241900205612183,1,1
510fde1fa7cf108f42ab3dd3b6046160,0.984071,1,1357.872,2017-11-06 16:09:49+00:00,0.8185120224952698,1,1
dcb3c2a8a2ccd8505b261394e8ed5583,0.982954,1,1359.827,2017-11-06 16:09:50+00:00,0.7797240018844604,1,1
20eb7ddfa3ffc333dd80f22cea60a323,0.982954,1,1361.78,2017-11-06 16:09:50+00:00,0.8662790060043335,1,1
80580c296a32fae8209647bdbc7dc020,0.982954,1,1363.781,2017-11-06 16:09:53+00:00,0.9242299795150756,1,1
b0e82c5feba90b9e736dcaaa8abfd76a,0.984071,1,1365.765,2017-11-06 16:09:53+00:00,0.931806981563568,1,1
ee94df58bf185e6b61b3dc3ad6e6f0b7,0.984071,1,1367.74,2017-11-06 16:09:53+00:00,0.9295200109481812,1,1
7106ecd5686a14836417897ef6f7372c,0.984391,1,1369.786,2017-11-06 16:09:53+00:00,0.9295200109481812,1,1
2a0c0ca4b8f87e8af6aa6ad2130c7bd8,0.984391,1,1371.931,2017-11-06 16:09:54+00:00,0.9173060059547424,1,1
32429f34d2ce88c67f6fb41db77158a9,0.984391,1,1373.885,2017-11-06 16:09:54+00:00,0.7912600040435791,1,1
bdf5cedd959003ecf2222da3d887f3f9,0.984391,1,1375.809,2017-11-06 16:09:55+00:00,0.9084089994430542,1,1
379114c7133e40811387da70cc102e07,0.984391,1,1377.754,2017-11-06 16:09:55+00:00,0.9370099902153016,1,1
402a9e58ac9c85138d6002183fb62036,0.982171,1,1379.672,2017-11-06 16:09:55+00:00,0.9240189790725708,1,1
ebfef84eb1a11e0add66044e4aa70f29,0.984391,1,1381.807,2017-11-06 16:09:59+00:00,0.8428189754486084,1,1
c19d2a5b26b6a63a142555a51610493a,0.986503,1,1383.806,2017-11-06 16:09:59+00:00,0.9023209810256958,1,1
40286d7e814b32c9bd1799b4be301448,0.985332,1,1385.75,2017-11-06 16:10:01+00:00,0.8877279758453369,1,1
d7adcafc0158d15cd224fc2f0f2943df,0.985332,1,1387.755,2017-11-06 16:10:01+00:00,0.917240023612976,1,1
04e97eaa8c39b8e9aab5cd8b9c2a4c7b,0.985332,1,1389.847,2017-11-06 16:10:01+00:00,0.9029979705810548,1,1
47ae72c5110d730fcd5b57bbb94afc66,0.984646,1,1391.823,2017-11-06 16:10:01+00:00,0.8789979815483093,1,1
76f47f4397bc3652a1198135dbedb3e3,0.985332,1,1393.758,2017-11-06 16:10:01+00:00,0.917240023612976,1,1
7c7716ea11bf779dd9894011345e5c7c,0.985332,1,1395.697,2017-11-06 16:10:02+00:00,0.917240023612976,1,1
600344a6b786a813e4ee25f0144cd1a9,0.985332,1,1397.698,2017-11-06 16:10:06+00:00,0.9159349799156188,1,1
a66ec44d4620354480d70c963a06c4d2,0.98603,1,1399.931,2017-11-06 16:10:07+00:00,0.9243659973144532,1,1
15e2b3ce27f8ccc969c842314c297d0a,0.98603,1,1402.666,2017-11-06 16:10:08+00:00,0.8948590159416199,1,1
eb6df2dc12c201c0c0e7bd7b25cef14e,0.98603,1,1404.929,2017-11-06 16:10:09+00:00,0.9098250269889832,1,1
ef3fb8949441b8b21bc7269894ae2d6f,0.988793,1,1407.061,2017-11-06 16:10:09+00:00,0.9383509755134584,1,1
5168ddd5176711ccb1fe36b5b54682e9,0.987999,1,1409.159,2017-11-06 16:10:11+00:00,0.948665976524353,1,1
a054d918b4e8414abbc7a7108b741f27,0.987999,1,1411.274,2017-11-06 16:10:11+00:00,0.9386690258979796,1,1
cfbfe4160a9da246508644b6284c2224,0.987999,1,1413.279,2017-11-06 16:10:11+00:00,0.9386690258979796,1,1
df50dfc8aad74fbc271774eb9c521465,0.987999,1,1417.416,2017-11-06 16:10:11+00:00,0.9386690258979796,1,1
b264de564a4c4595b0c74d098e335434,0.987999,1,1419.401,2017-11-06 16:10:11+00:00,0.9386690258979796,1,1
eb661f66052f30073b74e2ab836f8553,0.987999,1,1421.421,2017-11-06 16:10:11+00:00,0.932856023311615,1,1
76b98c8b659d446867825b14c6fdde35,0.989948,1,1423.391,2017-11-06 16:10:16+00:00,0.9382219910621644,1,1
60b78fe4a5f13ecbc4a65a7a74cebb9d,0.989948,1,1425.561,2017-11-06 16:10:16+00:00,0.9410330057144164,1,1
745bbd127858cc92ca39c3ba830ba8f4,0.989948,1,1427.642,2017-11-06 16:10:16+00:00,0.9468340277671814,1,1
8d4b7cd5197ce5fafed25b42543a443f,0.989948,1,1429.646,2017-11-06 16:10:16+00:00,0.9359779953956604,1,1
